benchmark,close_to_two_core_ratio
nfa-regex,0.6213709444778002
wf,0.6322104220218618
spell,0.6741729892455726
bi-grams,0.8395577330996937
diff,0.8403917380226886
sort-sort,0.8413505293391274
sort,0.8718460214311303
